agent_run_id,instance_id,exit_status,resolved,api_calls,instance_cost,mini_version,system,user,assistant,tool,total
007d2aaf-97f0-46ec-9d31-4b6121238686,django__django-13821,Submitted,1,59,0.3359927,2.1.0,1,1,59,58,119
025504bc-0a39-4007-be31-944af1a90ebc,sphinx-doc__sphinx-9229,Submitted,0,56,0.3889468,2.1.0,1,1,56,55,113
02eacb9d-4c82-42f6-bcfe-58a712fd0797,django__django-14140,Submitted,0,51,0.2516247,2.1.0,1,1,51,50,103
0367ccf8-6c63-4d02-8df8-63e97f605ce8,sympy__sympy-13372,Submitted,1,53,0.2645804,2.1.0,1,1,53,52,107
038dc393-2a41-4fda-95a3-b8b46d0ceead,pydata__xarray-7393,Submitted,1,71,0.4855722500000001,2.1.0,1,1,71,70,143
047b7638-c7e3-4244-aaa2-ef223f7c726b,django__django-15916,Submitted,1,42,0.26112104999999997,2.1.0,1,1,42,41,85
04fb017e-3da4-4826-8d19-474ab4eafe3d,django__django-17087,Submitted,1,73,0.44761389999999995,2.1.0,1,1,73,72,147
051281dd-67d4-45b5-b1da-f1beeb0ebf47,sphinx-doc__sphinx-9591,Submitted,1,67,0.3444711499999999,2.1.0,1,1,67,66,135
0593c2fe-31c1-4928-aa96-09639772a305,sphinx-doc__sphinx-8621,Submitted,1,25,0.18321320000000002,2.1.0,1,1,25,24,51
05b431dc-1b99-42f4-96dc-0d2dd85e04cb,django__django-13363,Submitted,1,45,0.26452715,2.1.0,1,1,45,44,91
05da6ef5-2451-4d67-b89c-e94b2ec18f80,sphinx-doc__sphinx-9281,Submitted,0,62,0.33821405,2.1.0,1,1,62,61,125
0624fd3a-bc9f-472e-9b2a-42a30d13a6d5,astropy__astropy-14309,Submitted,1,71,0.4452511000000002,2.1.0,1,1,71,70,143
06cf9c54-df2b-434f-b812-b06f1d9b10c9,pytest-dev__pytest-8399,Submitted,1,57,0.30754335,2.1.0,1,1,57,56,115
0735b0fb-8554-40f0-8406-04537b172595,django__django-13344,Submitted,0,46,0.34088675000000007,2.1.0,1,1,46,45,93
07b67e99-930b-4996-b0e2-409cac1ed7f5,matplotlib__matplotlib-20859,Submitted,1,70,0.43580155000000004,2.1.0,1,1,70,69,141
08bc696f-9b92-4d7d-845e-b5bae67dc606,django__django-15127,Submitted,1,34,0.21603314999999998,2.1.0,1,1,34,33,69
09b5e7ab-4338-444c-a4f5-37a2cd1096bc,sympy__sympy-21930,Submitted,0,85,0.56566125,2.1.0,1,1,85,84,171
09f0e1a3-4d01-4d3b-8c7d-cb1e63468308,django__django-11206,Submitted,1,32,0.26926265,2.1.0,1,1,32,31,65
0bb49382-aaf4-492e-a06e-14ca1820b7cb,django__django-14053,Submitted,1,52,0.3087730999999999,2.1.0,1,1,52,51,105
0bc21173-d0a1-4b56-aa28-fff9095e1291,sympy__sympy-20154,Submitted,1,37,0.20828344999999998,2.1.0,1,1,37,36,75
0c426f20-1424-4833-bad4-3d9394ea863a,sphinx-doc__sphinx-9367,Submitted,1,38,0.22724190000000008,2.1.0,1,1,38,37,77
0c958ba5-f9dc-4777-a081-de9f7d05173b,django__django-15503,Submitted,1,48,0.320276,2.1.0,1,1,48,47,97
0cb0cde5-a816-434a-b7e6-b25a766306cc,sympy__sympy-22456,Submitted,1,118,0.9618326999999998,2.1.0,1,1,118,117,237
0d1ce92f-1ee2-4e8b-88d6-745818e5983a,django__django-14559,Submitted,1,52,0.2814224499999999,2.1.0,1,1,52,51,105
0d7f4e10-9c8e-43bc-b159-8dea836af231,django__django-11734,Submitted,0,65,0.43368924999999997,2.1.0,1,1,65,64,131
0dd241db-fa05-49d1-b258-acab76fda43d,django__django-13512,Submitted,1,52,0.33635345000000005,2.1.0,1,1,52,51,105
0e0148ad-cfbb-496d-968e-665ba252c9e6,django__django-13343,Submitted,1,37,0.19663390000000006,2.1.0,1,1,37,36,75
0e1289a7-32b2-4ffc-b546-73d29f2b5349,django__django-11299,Submitted,1,45,0.2807304499999999,2.1.0,1,1,45,44,91
0e2130c9-7c14-4117-9726-67f78b81c29e,pylint-dev__pylint-6528,Submitted,0,93,0.5691955499999999,2.1.0,1,1,93,92,187
0e7d03d5-a383-4e91-952d-e28b15fdc9cb,pydata__xarray-3151,Submitted,1,35,0.2079853,2.1.0,1,1,35,34,71
0f4d574f-009b-4048-b223-e05aea1d626b,astropy__astropy-13236,Submitted,0,97,0.6264919499999999,2.1.0,1,1,97,96,195
0f5d8985-4208-4885-b002-047b78c724e3,django__django-12419,Submitted,1,84,0.4953166500000001,2.1.0,1,1,84,83,169
0f8dd414-d9a1-433a-b01f-21d4fd131f92,django__django-13089,Submitted,1,35,0.23474,2.1.0,1,1,35,34,71
0fd532af-5c9f-4982-9ab7-b9c7ecffe9b3,sphinx-doc__sphinx-7889,Submitted,1,18,0.09244754999999999,2.1.0,1,1,18,17,37
0ff93dbe-7ef4-4b84-be83-0db3f32a1c48,pylint-dev__pylint-4661,Submitted,0,36,0.30747825,2.1.0,1,1,36,35,73
117ae39f-2370-4514-afa2-04d4c21f15d6,django__django-11820,Submitted,0,25,0.15731494999999998,2.1.0,1,1,25,24,51
11b9dd1f-17b7-48a0-abae-b49690166130,django__django-15957,Submitted,0,73,0.47599905000000003,2.1.0,1,1,73,72,147
11ce9fe2-57dc-4f82-a5fe-70cc8bc6e280,django__django-13212,Submitted,0,52,0.3187635999999999,2.1.0,1,2,51,50,104
133f248e-e886-4b29-8cc4-8ad4b30b1d80,scikit-learn__scikit-learn-14141,Submitted,1,51,0.3052748000000001,2.1.0,1,1,51,50,103
13c2390c-637a-4c1f-a8f2-3eb46702b505,matplotlib__matplotlib-25332,Submitted,1,64,0.39233984999999993,2.1.0,1,1,64,63,129
142629a8-11f1-4d89-86ba-a705dc0f9698,django__django-16819,Submitted,1,73,0.5304172500000001,2.1.0,1,1,73,72,147
143e5bbe-6882-4747-a0ff-796b2d235ab7,sphinx-doc__sphinx-7440,Submitted,1,53,0.28457414999999997,2.1.0,1,1,53,52,107
146b3c30-e09f-4139-a65c-7c3ea4ec8f90,scikit-learn__scikit-learn-12585,Submitted,1,38,0.22648885000000002,2.1.0,1,1,38,37,77
14dc75f9-af1d-4bb7-826a-66002a1c52be,pytest-dev__pytest-6197,Submitted,1,77,0.5245362999999998,2.1.0,1,1,77,76,155
161e1545-8243-4d31-b1df-4b397d34eeb2,django__django-14534,Submitted,0,44,0.2681351500000001,2.1.0,1,1,44,43,89
163190a8-32bd-4949-9332-957a707ac425,django__django-11333,Submitted,1,50,0.27993865000000007,2.1.0,1,1,50,49,101
1634f644-8cfc-4644-b4a8-c430224fe86d,django__django-14011,Submitted,0,46,0.32833264999999995,2.1.0,1,1,46,45,93
18ccb796-702f-48c7-ba6e-fe1022971c1b,django__django-15098,Submitted,0,91,0.7037020500000001,2.1.0,1,1,91,90,183
18cfd3fa-8226-483d-8a32-99902442ad0d,sympy__sympy-12489,Submitted,1,88,0.62619715,2.1.0,1,1,88,87,177
19286a79-3f23-43ac-bec7-140c0403aff2,sphinx-doc__sphinx-8035,Submitted,1,77,0.45230240000000005,2.1.0,1,1,77,76,155
194a884c-4be5-493a-a9f2-d162ccda494d,sphinx-doc__sphinx-8265,Submitted,1,78,0.5107749499999998,2.1.0,1,1,78,77,157
1ae64a9d-5784-4159-882e-869cf274c209,matplotlib__matplotlib-24177,Submitted,1,89,0.6781614499999997,2.1.0,1,1,89,88,179
1b21e55d-3452-4a46-9cb7-b0c73a9e2988,matplotlib__matplotlib-23299,Submitted,0,90,0.677579,2.1.0,1,1,90,89,181
1b267cba-97c8-4141-99f7-97d86c832986,sympy__sympy-18189,Submitted,1,47,0.3233650999999999,2.1.0,1,1,47,46,95
1b330385-f81d-4081-bb47-d55db89b06a5,sympy__sympy-20428,Submitted,0,80,0.5283147,2.1.0,1,1,80,79,161
1b620f49-d09c-43c3-8ddf-77968230cc17,sympy__sympy-12096,Submitted,1,86,0.5443497000000002,2.1.0,1,1,86,85,173
1ca908c7-4ea2-47c0-b276-7f6d8fe14446,sympy__sympy-24066,Submitted,1,37,0.2426091,2.1.0,1,1,37,36,75
1cfabae9-4170-4627-832d-dff78500ffde,sympy__sympy-22914,Submitted,1,61,0.36677355,2.1.0,1,1,61,60,123
1e3b5e3e-da8c-435c-8a52-752037a77a74,django__django-13741,Submitted,1,43,0.25104560000000004,2.1.0,1,1,43,42,87
1ec5b72c-f194-468b-a4e2-b0d3051eb9a9,django__django-15741,Submitted,1,56,0.3355444499999999,2.1.0,1,1,56,55,113
1efa324e-e642-4d78-a3fe-470c67c02b4c,django__django-11276,Submitted,1,96,0.52335845,2.1.0,1,1,96,95,193
1f3a5e97-9c81-492b-affa-fa1b209a046e,django__django-11848,Submitted,1,28,0.21160339999999997,2.1.0,1,1,28,27,57
1f87a2dd-2c97-4662-925d-d42b5a46bf3a,scikit-learn__scikit-learn-12682,Submitted,1,51,0.3571271499999998,2.1.0,1,1,51,50,103
1f8a015a-0a5a-4f85-9c55-eac75633bc61,pydata__xarray-3993,Submitted,0,42,0.21764405000000003,2.1.0,1,1,42,41,85
21ec3079-30ec-484d-8bc6-b0963bee3332,django__django-11749,Submitted,1,35,0.2079682,2.1.0,1,1,35,34,71
221496b6-7c50-4c33-892e-497e3665734e,sphinx-doc__sphinx-9698,Submitted,1,45,0.2807319,2.1.0,1,1,45,44,91
2233ec32-f883-4e8f-a81a-d3a8a0c552bf,sympy__sympy-21847,Submitted,1,56,0.35975504999999997,2.1.0,1,1,56,55,113
22c38639-dcd1-4184-8cbf-b837303ca3f1,django__django-15277,Submitted,1,56,0.3295163499999999,2.1.0,1,1,56,55,113
22d0b1e5-8f17-458e-bd2b-c1d29c3976aa,matplotlib__matplotlib-20676,Submitted,0,65,0.3901879000000001,2.1.0,1,1,65,64,131
235300a6-7149-4765-8118-ef6c3dcec39f,pytest-dev__pytest-7205,Submitted,0,62,0.3403756,2.1.0,1,1,62,61,125
2362ea2c-5136-4d39-8254-babfc113aef9,sympy__sympy-24539,Submitted,1,46,0.31905015,2.1.0,1,1,46,45,93
247fc4c2-ae96-4de9-ac27-429d93b14a46,pytest-dev__pytest-7432,Submitted,1,58,0.3325176,2.1.0,1,1,58,57,117
24a14a63-4dbf-437b-920b-9b9e835815f5,pytest-dev__pytest-5809,Submitted,1,30,0.19622970000000006,2.1.0,1,1,30,29,61
25e14b64-7a43-4d6c-b29d-c7f53f7c8c8f,pydata__xarray-6599,Submitted,1,53,0.3472079,2.1.0,1,1,53,52,107
2682a57c-0dc7-4a1e-9e34-f508648101f7,django__django-11163,Submitted,1,52,0.2985259,2.1.0,1,1,52,51,105
2706dd03-48eb-4ae0-b9cf-22f8e767ca11,matplotlib__matplotlib-25960,Submitted,1,65,0.4381071999999999,2.1.0,1,1,65,64,131
277abc1a-1611-4364-bcd4-2b3c702638c1,django__django-15380,Submitted,1,43,0.25263425,2.1.0,1,1,43,42,87
27de9922-7970-4fb8-9a82-2219f9ab1a09,pydata__xarray-3677,Submitted,1,59,0.3863996499999999,2.1.0,1,1,59,58,119
28e4c4e4-a15d-469b-8e83-5ff718c0c053,django__django-10914,Submitted,1,60,0.3632210999999999,2.1.0,1,1,60,59,121
294af7ba-00d5-4924-bebc-2563b16413f6,django__django-13297,Submitted,1,40,0.2699764,2.1.0,1,1,40,39,81
2a5acf77-1ac5-47c1-a161-5da1d7b23594,pylint-dev__pylint-8898,Submitted,0,73,0.47594965,2.1.0,1,1,73,72,147
2ac5d751-7ea0-4034-8420-a00722d6bae1,sphinx-doc__sphinx-7757,Submitted,1,35,0.19838095,2.1.0,1,1,35,34,71
2b64f006-cfa6-4212-af11-3f3bb9a86147,scikit-learn__scikit-learn-14629,Submitted,1,90,0.5706381999999999,2.1.0,1,1,90,89,181
2b8b7134-f15d-4913-8c37-aca3ae2c196b,sympy__sympy-16792,Submitted,1,71,0.47553805,2.1.0,1,1,71,70,143
2cb191dc-d545-459d-9206-cc861da89d8f,pytest-dev__pytest-5840,Submitted,0,36,0.2431931,2.1.0,1,1,36,35,73
2d746546-7444-4e8d-8714-480e7da0cf92,django__django-16595,Submitted,1,58,0.31645385,2.1.0,1,1,58,57,117
2e41d630-13a1-4cb9-ae40-5c2e68c55d2e,pydata__xarray-4966,Submitted,1,39,0.2342735,2.1.0,1,1,39,38,79
2f1f43af-2a84-42cc-be74-d6f47b5119a4,django__django-13112,Submitted,0,93,0.5926871499999999,2.1.0,1,1,93,92,187
301a96d7-c930-48a0-9393-c75d6318fb14,sphinx-doc__sphinx-8593,Submitted,1,83,0.4968758000000001,2.1.0,1,1,83,82,167
303660c7-265a-4a7d-a48a-706bd406be16,pylint-dev__pylint-7277,Submitted,0,60,0.3408729500000002,2.1.0,1,1,60,59,121
305fd1a0-9ef9-4118-9a24-57d15ffab07b,sphinx-doc__sphinx-7454,Submitted,0,70,0.43943915000000006,2.1.0,1,1,70,69,141
3108042c-0663-4407-bd9d-2e9e76235d11,sympy__sympy-13852,Submitted,0,55,0.2965941,2.1.0,1,1,55,54,111
312a4fe8-8d89-41f3-a73f-b30bb8725aab,matplotlib__matplotlib-14623,Submitted,1,56,0.38375159999999997,2.1.0,1,1,56,55,113
31818a75-1b2d-4e6a-972e-f43689ffaad1,django__django-13925,Submitted,1,64,0.39228935,2.1.0,1,1,64,63,129
31cde082-c938-489f-a79d-7d54e6eb7a84,django__django-15103,Submitted,1,58,0.31799689999999997,2.1.0,1,1,58,57,117
3241c527-c5ee-4eec-8764-17df844bf94f,django__django-13670,Submitted,1,39,0.24706384999999995,2.1.0,1,1,39,38,79
32f85614-a720-4fb9-b982-bf399d1ccbb4,django__django-16899,Submitted,1,49,0.30087844999999996,2.1.0,1,1,49,48,99
33661d83-c954-473d-95dd-1a39e5375837,django__django-11477,Submitted,0,57,0.3206328,2.1.0,1,1,57,56,115
34a52b34-e365-432b-ad06-b179beab00ce,django__django-15572,Submitted,1,36,0.23773465,2.1.0,1,1,36,35,73
34af2d83-9980-43ee-b26e-b44c5fb595a6,django__django-11400,Submitted,1,50,0.29799985,2.1.0,1,1,50,49,101
34ea7795-712b-497f-97a7-b3d7e2975eaa,pallets__flask-5014,Submitted,1,63,0.3430434999999998,2.1.0,1,1,63,62,127
3538f02d-eedd-47fb-959b-de9ec4ef2820,astropy__astropy-7166,Submitted,1,47,0.25415134999999994,2.1.0,1,1,47,46,95
362526c8-1317-4889-9b37-7d4d9c61fd20,sympy__sympy-14711,Submitted,1,69,0.41754845,2.1.0,1,1,69,68,139
36436349-a138-482c-9685-e2c2972a4cad,astropy__astropy-13579,Submitted,1,45,0.24736065000000002,2.1.0,1,1,45,44,91
36be9de2-0cb4-41c4-8ec2-7db4dc7e6abd,django__django-13551,Submitted,1,32,0.2232115,2.1.0,1,1,32,31,65
373f158e-fa6d-4140-91a5-b00db737aa9d,matplotlib__matplotlib-25479,Submitted,0,139,1.0216593500000002,2.1.0,1,1,139,138,279
3775f404-f282-479c-bea7-e6675e9a8d23,django__django-14434,Submitted,1,41,0.26303265000000003,2.1.0,1,1,41,40,83
37853f61-21fc-4e4b-bdf0-ff595aaa88e8,sympy__sympy-19783,Submitted,1,76,0.5876483,2.1.0,1,1,76,75,153
37a9a7a7-06b9-4e1a-9588-304cf5b9cc3b,scikit-learn__scikit-learn-26194,Submitted,0,49,0.31320289999999995,2.1.0,1,1,49,48,99
37b2097a-dec0-43f6-8423-3c53c90b7d06,pydata__xarray-4695,Submitted,1,75,0.4591847000000001,2.1.0,1,1,75,74,151
37cb492a-8f61-461b-8808-081d5ce0385e,django__django-15731,ServiceUnavailableError,0,1,0.0,2.1.0,1,1,0,0,2
37f3d18e-c15f-4390-84a3-fb30841379cc,django__django-12143,Submitted,1,68,0.34022905000000003,2.1.0,1,1,68,67,137
38697dc8-fc9f-42a4-aefb-7ddbf7ca499b,psf__requests-1766,Submitted,1,31,0.21588204999999996,2.1.0,1,1,31,30,63
38be93f3-de94-438b-b005-6c2da910d4c0,sympy__sympy-15345,Submitted,1,60,0.3759546500000001,2.1.0,1,1,60,59,121
391a24f5-82e9-4ac1-9b4d-6af76233e9de,django__django-14034,Submitted,0,41,0.2747538,2.1.0,1,1,41,40,83
394c8edd-6be0-4f51-a1ce-818ce0378ed3,django__django-16801,Submitted,1,44,0.28063835000000004,2.1.0,1,1,44,43,89
398836e6-cd39-4fb2-b7c6-4303a0f11329,django__django-13128,Submitted,1,51,0.2693078000000001,2.1.0,1,1,51,50,103
3b15126b-e4a0-4d0f-9b92-c63f329002f0,sympy__sympy-22080,Submitted,0,77,0.5458038499999999,2.1.0,1,1,77,76,155
3c2a8efb-8f9e-48cc-ad04-c8f62ca3af51,django__django-16032,Submitted,1,78,0.53189605,2.1.0,1,1,78,77,157
3cfb5ccf-8e82-4e69-ac4f-9b2ceb5a1cc8,astropy__astropy-12907,Submitted,1,38,0.1859356,2.1.0,1,1,38,37,77
3d4f846e-d438-4c72-8d60-3a7b25d427b8,django__django-7530,Submitted,1,60,0.43990314999999997,2.1.0,1,1,60,59,121
3d9700ad-47d4-4bb8-951d-813b0e437dd8,matplotlib__matplotlib-26466,Submitted,0,84,0.52402725,2.1.0,1,1,84,83,169
3da21bb0-7d8c-479b-bb53-573ca0e84ee0,scikit-learn__scikit-learn-14710,Submitted,1,48,0.25726355000000006,2.1.0,1,1,48,47,97
3f0a7846-8f59-4f86-8ebd-0dc75df1cdd5,sphinx-doc__sphinx-9258,Submitted,1,55,0.3350204499999999,2.1.0,1,1,55,54,111
3f34dbb8-8032-4ecb-b033-0d76bddaaab8,pydata__xarray-4629,Submitted,1,42,0.2192968,2.1.0,1,1,42,41,85
3fc2bc41-7627-4586-998d-4bc8c9fef4a3,matplotlib__matplotlib-26208,Submitted,0,141,1.0684847000000002,2.1.0,1,1,141,140,283
40be7c7d-d00f-4569-8d5a-402cea160c3c,django__django-14915,Submitted,1,47,0.25451105,2.1.0,1,1,47,46,95
41231bfc-7c19-4263-a5b4-2910849bda09,django__django-13837,Submitted,1,51,0.29643444999999996,2.1.0,1,1,51,50,103
412e1bc2-c355-4a0a-ac8d-d3ef41028005,django__django-16256,Submitted,1,58,0.37212075,2.1.0,1,1,58,57,117
41892c1f-a75d-4e54-bf78-6952f4c36eee,scikit-learn__scikit-learn-13328,Submitted,1,67,0.36784485,2.1.0,1,1,67,66,135
41bd93a9-095d-4aa2-9542-d9a03d7cc4e2,django__django-12663,Submitted,1,90,0.678924,2.1.0,1,1,90,89,181
430ba0ef-fbb1-42a0-aa8e-38568b5efa87,astropy__astropy-14508,Submitted,1,54,0.4108658000000001,2.1.0,1,1,54,53,109
44227f27-9e59-4f11-94da-aa053f77e034,django__django-16662,Submitted,1,46,0.30367245000000004,2.1.0,1,1,46,45,93
4432dbd4-edf0-48af-a7cc-b74fbf628787,scikit-learn__scikit-learn-14053,Submitted,1,53,0.29015335,2.1.0,1,1,53,52,107
44e7e78f-094b-404f-b758-429ae3497645,psf__requests-1921,Submitted,1,58,0.36525409999999997,2.1.0,1,1,58,57,117
45d1c0ed-cdd5-44c4-b1ec-254b66a90747,matplotlib__matplotlib-20826,Submitted,0,73,0.5427952500000001,2.1.0,1,1,73,72,147
4677589e-6a8f-4036-9dd0-cfb352539e9e,django__django-14373,Submitted,1,42,0.21942079999999997,2.1.0,1,1,42,41,85
46ccef4f-9504-478e-a855-ba3e98279583,django__django-13401,Submitted,1,63,0.3736735499999999,2.1.0,1,1,63,62,127
46e20cbe-711f-45d5-98a1-cd98cb857ee1,django__django-15525,Submitted,1,37,0.25252620000000003,2.1.0,1,1,37,36,75
472809fe-8588-45ea-845c-a1d7599ee549,django__django-16642,Submitted,1,36,0.19303295000000004,2.1.0,1,1,36,35,73
473e7d4d-35cc-4111-86a3-1e2e12cb9e2d,pytest-dev__pytest-7490,Submitted,0,48,0.3302019,2.1.0,1,1,48,47,97
475fa62c-1c37-4d1b-acec-f8706de1b1aa,django__django-13807,Submitted,1,61,0.3598810000000001,2.1.0,1,1,61,60,123
49c2c75b-0c2c-4d14-a11b-19749e72e768,django__django-14017,Submitted,1,55,0.36891600000000013,2.1.0,1,1,55,54,111
4b4f55ff-2491-4f35-9e71-4bdfea9a6ba5,scikit-learn__scikit-learn-13135,Submitted,1,34,0.194733,2.1.0,1,1,34,33,69
4c241a91-45ff-4afe-8fbf-d8e480c6f775,matplotlib__matplotlib-24627,Submitted,1,91,0.6398531999999999,2.1.0,1,1,91,90,183
4ccd416f-eb6f-4385-990c-75a21b0f0971,django__django-16429,Submitted,1,25,0.18880309999999997,2.1.0,1,1,25,24,51
4cdbf688-7f56-4b56-b392-1cfe1ce8aec2,django__django-11551,Submitted,1,40,0.23105644999999997,2.1.0,1,1,40,39,81
4d438041-29d5-48f8-bd13-07a01f055497,sympy__sympy-17630,Submitted,0,54,0.38132974999999997,2.1.0,1,1,54,53,109
4d85be96-45f5-43b0-8414-17adcc4a01d5,django__django-12273,Submitted,0,67,0.48165559999999996,2.1.0,1,1,67,66,135
4dd43bd0-eebc-4d4c-8219-d8b25c03edbf,pytest-dev__pytest-10051,Submitted,1,40,0.26417349999999995,2.1.0,1,1,40,39,81
4e2697b9-4a17-4248-a5df-bd509114ee34,pytest-dev__pytest-7236,Submitted,1,36,0.20944544999999998,2.1.0,1,1,36,35,73
4e7a815d-197d-4e27-953d-0618b4639b6c,django__django-11095,Submitted,1,65,0.41576565,2.1.0,1,1,65,64,131
4ec57565-1b1e-452b-98bf-56dc4a731857,matplotlib__matplotlib-21568,Submitted,0,113,0.7636998499999998,2.1.0,1,1,113,112,227
4f0be5e8-7780-458f-941c-4d859c27c25e,sympy__sympy-19637,Submitted,1,41,0.26723905000000003,2.1.0,1,1,41,40,83
4f82b1fb-6c43-41d0-b8b6-e3f1ade68d56,sympy__sympy-21596,Submitted,0,47,0.33746219999999993,2.1.0,1,1,47,46,95
5015aff2-0656-42e0-9192-1879981a344d,psf__requests-5414,Submitted,1,50,0.33680570000000004,2.1.0,1,1,50,49,101
5085cc29-1e10-4faa-a79f-045709b4fe1d,sympy__sympy-11618,Submitted,1,53,0.33153160000000004,2.1.0,1,1,53,52,107
50cac789-6864-4ae8-9519-4c9dc04a76fc,django__django-12741,Submitted,1,57,0.32291205000000006,2.1.0,1,1,57,56,115
50fef341-817a-460e-ad56-5c3cb3502a55,sympy__sympy-23824,Submitted,1,30,0.1724019,2.1.0,1,1,30,29,61
51751c91-77ff-4e37-ac95-acfafd19e9c5,django__django-11815,Submitted,0,48,0.3300765499999999,2.1.0,1,1,48,47,97
51dca1eb-bb5d-4547-a9ab-65096c44e504,sphinx-doc__sphinx-8595,Submitted,1,59,0.35428815,2.1.0,1,1,59,58,119
51f25ca8-61ea-4248-8ffd-b162d6382174,django__django-10973,Submitted,1,34,0.18428645000000005,2.1.0,1,1,34,33,69
51f65a96-d27e-4596-ac00-c20c77c39cd1,django__django-16569,Submitted,1,42,0.2366283,2.1.0,1,1,42,41,85
52160942-0ff9-4abd-b5f5-12bb2bd342f7,sphinx-doc__sphinx-10323,Submitted,1,46,0.3135482,2.1.0,1,1,46,45,93
525658ad-4c95-4d0d-a1f9-7b36779a1b6d,sympy__sympy-21612,Submitted,0,70,0.4885133,2.1.0,1,1,70,69,141
528ae15b-a097-463f-81f0-64cf9e202e83,matplotlib__matplotlib-24149,Submitted,1,36,0.21094794999999994,2.1.0,1,1,36,35,73
528fc22f-1696-4f5b-b539-a17810eeee0b,sympy__sympy-20590,Submitted,1,78,0.47295664999999976,2.1.0,1,1,78,77,157
53aab699-a758-49b9-8fc0-91803565d1b0,django__django-14631,Submitted,1,73,0.46022485000000013,2.1.0,1,1,73,72,147
548fae4f-e301-4e4c-8b06-e51f61d3efc9,django__django-10880,Submitted,1,39,0.25316295000000005,2.1.0,1,1,39,38,79
5491581b-a226-4981-b32c-c90de0a44b6f,astropy__astropy-14539,Submitted,1,64,0.34169524999999995,2.1.0,1,1,64,63,129
54f72dfe-f38f-4240-bd6d-2f07674504af,sphinx-doc__sphinx-9673,Submitted,1,31,0.21531375000000003,2.1.0,1,1,31,30,63
55b7a92d-cad0-4e10-9788-575797d22914,sphinx-doc__sphinx-10614,Submitted,0,52,0.37653105,2.1.0,1,1,52,51,105
560b7df7-830d-4117-ac4e-a79873757342,django__django-14855,Submitted,1,55,0.35106945,2.1.0,1,1,55,54,111
5648b901-c59c-49b2-9456-2acd7a01195a,sphinx-doc__sphinx-9230,Submitted,1,45,0.2440101999999999,2.1.0,1,1,45,44,91
56c45f23-1d5c-483a-acf5-252cbdf44009,sympy__sympy-12419,Submitted,1,85,0.5293431499999999,2.1.0,1,1,85,84,171
572dc33e-276a-4976-a5c4-94e14166946a,scikit-learn__scikit-learn-13439,Submitted,1,55,0.25516675,2.1.0,1,1,55,54,111
57f15348-fc8c-487c-be04-dcaceebf17e0,psf__requests-2931,Submitted,1,55,0.3285477500000001,2.1.0,1,1,55,54,111
5819b8ad-5bfa-40b6-9440-82449319ce33,scikit-learn__scikit-learn-10297,Submitted,1,55,0.2874794499999999,2.1.0,1,1,55,54,111
58bd0c21-cdf8-4154-9245-420de76794df,astropy__astropy-14365,Submitted,1,39,0.28456745,2.1.0,1,1,39,38,79
59a628bb-8a90-41e2-98a2-f10088f9f811,matplotlib__matplotlib-26113,Submitted,1,46,0.27858454999999993,2.1.0,1,1,46,45,93
5a2fc09d-fe4e-4a5f-83bb-215208825edb,django__django-12308,Submitted,0,53,0.32896180000000014,2.1.0,1,1,53,52,107
5a4beb4a-08e9-4d19-a06c-d9cde1200f48,django__django-11490,Submitted,1,62,0.38759754999999996,2.1.0,1,1,62,61,125
5abe3e05-1c45-4557-96b1-39e0579ff00f,django__django-16527,Submitted,1,41,0.20730959999999996,2.1.0,1,1,41,40,83
5b1817da-3166-4c49-86a4-8ee887793e1f,django__django-14089,Submitted,1,29,0.1373327,2.1.0,1,1,29,28,59
5bb73e0c-d43a-4f69-8264-2f78faea7d9b,matplotlib__matplotlib-24637,Submitted,1,90,0.5723135999999998,2.1.0,1,1,90,89,181
5bf5c03e-b796-4a5b-bbee-281bf8ce1fef,django__django-15278,Submitted,1,50,0.30449630000000005,2.1.0,1,1,50,49,101
5cabfc00-a641-47c1-ab60-d608450339ea,scikit-learn__scikit-learn-12973,Submitted,1,59,0.3305498999999999,2.1.0,1,1,59,58,119
5e5cf5e2-6f05-4b42-9d2a-077050fe0aae,sympy__sympy-24443,Submitted,1,53,0.34090595,2.1.0,1,1,53,52,107
5f210e7a-05b6-408b-929c-0aa129d94cf8,django__django-11119,Submitted,1,48,0.254126,2.1.0,1,1,48,47,97
5f49cbe9-2375-4aa6-aacd-1f8e25401140,pylint-dev__pylint-6903,Submitted,1,24,0.1368682,2.1.0,1,1,24,23,49
5f515a28-37ad-4d3e-9c8c-40c2da6fac2d,django__django-13410,Submitted,1,24,0.17115775000000003,2.1.0,1,1,24,23,49
60632185-4bbd-475f-9dad-cd9e48fb77e2,django__django-11451,Submitted,1,31,0.18603094999999997,2.1.0,1,1,31,30,63
607088d4-96b9-4e05-adbe-1fd6127bd8a9,django__django-15851,Submitted,1,38,0.26763734999999994,2.1.0,1,1,38,37,77
61220a0b-d852-4049-bc14-f1e818d4312e,sympy__sympy-13878,Submitted,1,87,0.6427697000000001,2.1.0,1,1,87,86,175
6138aaa2-e997-42ea-beb0-1ecfbd00e33e,django__django-16116,Submitted,1,61,0.3184612499999999,2.1.0,1,1,61,60,123
6157753f-191e-413f-84d7-ecdaf23ed7c8,django__django-11265,Submitted,0,54,0.3355493499999999,2.1.0,1,1,54,53,109
61661bdd-643b-43c4-bddb-317952ff39b5,pydata__xarray-4356,Submitted,1,54,0.31288569999999993,2.1.0,1,1,54,53,109
623eb79e-04ee-49c3-bf2d-562d2bd62d43,django__django-15161,Submitted,1,70,0.43808679999999983,2.1.0,1,1,70,69,141
62c2624b-bf3a-4f5e-9aee-19ed400e8754,django__django-12209,Submitted,1,55,0.43260599999999994,2.1.0,1,1,55,54,111
62d6d1fe-3b41-4f2c-a86c-86a4e8623880,pytest-dev__pytest-5631,Submitted,1,50,0.3083206500000001,2.1.0,1,1,50,49,101
62d714dd-454b-479e-a06a-e8041f0c7916,django__django-12039,Submitted,1,38,0.18052315000000002,2.1.0,1,1,38,37,77
6358fd95-038e-4a82-8d46-03166599119e,django__django-13023,Submitted,1,76,0.47898139999999995,2.1.0,1,1,76,75,153
6584963e-aba1-4eea-97c7-f8028bec677b,scikit-learn__scikit-learn-9288,Submitted,1,47,0.27567990000000003,2.1.0,1,1,47,46,95
65a30b96-2d86-4e35-8d09-e64b98fae4d2,django__django-12193,Submitted,1,56,0.3709026499999999,2.1.0,1,1,56,55,113
65a402a3-2686-4b7b-aefe-266e24446389,pydata__xarray-4075,Submitted,1,46,0.27768380000000004,2.1.0,1,1,46,45,93
65aca613-3457-4976-b1eb-b3adcd152bb7,django__django-13028,Submitted,1,60,0.3333135999999999,2.1.0,1,1,60,59,121
66273250-c272-418f-847b-fe7dea5712a0,matplotlib__matplotlib-22865,Submitted,1,46,0.23281885,2.1.0,1,1,46,45,93
66ff5e7b-454f-4234-a8e1-e400d82c09e5,scikit-learn__scikit-learn-25102,Submitted,0,84,0.581563,2.1.0,1,1,84,83,169
6759db15-85a2-46c2-8348-8bcaeec26d3a,django__django-16938,Submitted,1,42,0.26593380000000005,2.1.0,1,1,42,41,85
67926329-87ea-419a-8ccd-35459f03f4bd,sympy__sympy-14248,Submitted,1,95,0.82808985,2.1.0,1,1,95,94,191
68ed46a1-7acf-4b2b-8243-5d590dd1e36e,pydata__xarray-3305,Submitted,1,60,0.3631912500000001,2.1.0,1,1,60,59,121
68f10989-572e-4901-855c-52666fe06605,matplotlib__matplotlib-25311,Submitted,1,86,0.5650010999999999,2.1.0,1,1,86,85,173
69100c16-fff7-41f1-a9ec-87d9406308ce,scikit-learn__scikit-learn-26323,Submitted,1,63,0.35954359999999985,2.1.0,1,1,63,62,127
6964cfd4-a0be-43ca-81c2-4370a3284458,sympy__sympy-16597,Submitted,0,106,0.7794591000000002,2.1.0,1,1,106,105,213
6a398a9b-aef4-4748-bb51-c161be4ffd03,django__django-13315,Submitted,1,62,0.38532440000000007,2.1.0,1,1,62,61,125
6a856983-43d8-4d32-a99d-613f8f10ce3f,scikit-learn__scikit-learn-15100,Submitted,1,58,0.38821229999999984,2.1.0,1,1,58,57,117
6a8b35e7-cbb8-40b5-aa3f-dd2def059de2,sympy__sympy-19954,Submitted,1,23,0.16349149999999998,2.1.0,1,1,23,22,47
6ac8a43c-943d-4336-924d-9dcd7cdf2c93,django__django-15987,Submitted,1,44,0.2973736,2.1.0,1,1,44,43,89
6bb6c45e-21aa-47f6-97a9-3822d25d348f,sympy__sympy-24213,Submitted,1,48,0.28953039999999997,2.1.0,1,1,48,47,97
6c4dff75-e792-4242-a1f9-35ddababddb5,sphinx-doc__sphinx-8721,Submitted,1,71,0.40828775,2.1.0,1,1,71,70,143
6cfc057f-c3b7-45dc-af1e-9759cdca1aff,django__django-13279,Submitted,1,42,0.25583805000000004,2.1.0,1,1,42,41,85
6d808202-3461-4309-879e-2bed041e3c8c,django__django-14771,Submitted,1,57,0.35382189999999997,2.1.0,1,1,57,56,115
6f9ad171-483a-4e0e-98b5-118a6df18001,django__django-16502,Submitted,0,36,0.21496565,2.1.0,1,1,36,35,73
6fe747d9-e850-4299-97c5-e2e5aa284aa5,django__django-15467,Submitted,1,39,0.21585024999999997,2.1.0,1,1,39,38,79
6ffdb907-5733-4e46-9e75-ce768d9780ba,django__django-13346,Submitted,1,52,0.34731709999999993,2.1.0,1,1,52,51,105
700d218c-7d88-42c6-8ddc-da5e5c8ca33f,sphinx-doc__sphinx-7910,Submitted,1,64,0.3755499,2.1.0,1,1,64,63,129
7107bcd0-76e5-4630-bdbf-23f2a9bd0e2d,pydata__xarray-6938,Submitted,1,51,0.34423400000000004,2.1.0,1,1,51,50,103
71d39c98-7c17-456c-b99b-12f48c7d0036,django__django-14155,Submitted,0,50,0.3318907,2.1.0,1,1,50,49,101
724a03ae-45b0-4bbc-8bd5-39ce644651fd,sympy__sympy-13031,Submitted,1,85,0.5658749999999999,2.1.0,1,1,85,84,171
75144cac-8819-46fe-903f-e9627833c359,sphinx-doc__sphinx-9658,Submitted,1,52,0.33716685,2.1.0,1,1,52,51,105
752d3d32-6879-405f-9f7d-a144c2ec3275,sympy__sympy-15017,Submitted,1,50,0.29628435000000003,2.1.0,1,1,50,49,101
75c2e632-d47e-45d4-8619-735ee81bc054,django__django-11880,Submitted,1,38,0.23014324999999997,2.1.0,1,1,38,37,77
75ef1e8a-0159-43fe-99b8-14120f9596ae,pydata__xarray-7229,Submitted,0,96,0.7374719,2.1.0,1,1,96,95,193
763e40b1-6ed8-476f-94d0-036660657424,django__django-14608,Submitted,1,85,0.5336907999999998,2.1.0,1,1,85,84,171
7653fc2e-a80d-4fad-a41d-fb54a475d9c5,django__django-15629,ServiceUnavailableError,0,6,0.0091974,2.1.0,1,1,5,5,12
7673c434-3858-48f3-a954-3943d89efd05,sympy__sympy-13974,Submitted,0,56,0.38731869999999996,2.1.0,1,1,56,55,113
768d9be5-bbf4-4849-9325-75f9f6b60f8b,sympy__sympy-16886,Submitted,1,38,0.1655976,2.1.0,1,2,37,36,76
77720967-8619-46c4-aaa4-c1e24653f646,sphinx-doc__sphinx-11445,Submitted,1,54,0.2908668499999999,2.1.0,1,1,54,53,109
78ff1256-3d4c-4207-8904-cb435fee1fc0,pytest-dev__pytest-6202,Submitted,1,43,0.22830599999999998,2.1.0,1,1,43,42,87
79c41342-002f-4928-8d6e-5e8904996406,astropy__astropy-7606,Submitted,0,46,0.28210225,2.1.0,1,1,46,45,93
7aa47ea0-2b25-4e84-af4e-d39b8161dae7,astropy__astropy-8872,Submitted,0,58,0.30029865,2.1.0,1,1,58,57,117
7b3e7949-9948-4de9-a1e8-663649150031,pydata__xarray-7233,Submitted,1,51,0.2620190999999999,2.1.0,1,1,51,50,103
7b928360-8386-4564-9b24-d56f0a2bd513,sympy__sympy-13091,Submitted,1,111,0.7383701000000001,2.1.0,1,1,111,110,223
7c9a8809-2d80-4e6c-99b8-392001a7e26e,sphinx-doc__sphinx-8475,Submitted,1,29,0.16745444999999998,2.1.0,1,1,29,28,59
7de1af55-647c-45e3-a2e3-0c376f716b49,sphinx-doc__sphinx-9711,Submitted,1,53,0.33938005,2.1.0,1,1,53,52,107
7e26fb71-a834-4370-8d44-c314ab72d143,pylint-dev__pylint-4604,Submitted,0,64,0.3975210499999998,2.1.0,1,1,64,63,129
7e765bf0-d53e-4e57-8dd1-d7c481cc734c,sympy__sympy-21379,Submitted,1,83,0.5069821,2.1.0,1,1,83,82,167
7eb725d5-a81b-42d1-9890-b54ca37e3aef,django__django-15315,Submitted,1,52,0.35876705,2.1.0,1,1,52,51,105
7f446889-09f6-4cc5-942e-3042e7c175ed,django__django-14792,Submitted,0,54,0.3933016000000001,2.1.0,1,1,54,53,109
7f6e9930-e2b0-41b4-8ae9-fc9e15b75a65,django__django-13568,Submitted,1,46,0.2823131,2.1.0,1,1,46,45,93
7fd48b43-2704-4f1a-919d-dbe09f18e667,astropy__astropy-14182,Submitted,0,44,0.3024911,2.1.0,1,1,44,43,89
8025b5dd-0da7-4848-aae1-89950b3a12cc,django__django-15930,Submitted,1,48,0.27115115,2.1.0,1,1,48,47,97
8034820b-9b52-49fc-ae30-f5488c1a8853,django__django-10999,Submitted,0,35,0.23652184999999995,2.1.0,1,1,35,34,71
80d10ebb-e104-40f5-acfb-30d46cfbe3ac,matplotlib__matplotlib-24870,Submitted,0,59,0.3927715,2.1.0,1,1,59,58,119
80e37819-18a8-4e3f-8352-9419dee59e6a,sympy__sympy-15875,Submitted,0,38,0.2238198,2.1.0,1,1,38,37,77
8110e863-da22-48a7-9c31-7639ae9a93a6,django__django-16631,Submitted,0,37,0.25559230000000005,2.1.0,1,1,37,37,76
824c2551-fd68-4e0b-b6e9-3e389eb96e88,sympy__sympy-24562,Submitted,1,36,0.22255945000000002,2.1.0,1,1,36,35,73
83b842a1-50e8-43f9-84d3-0bbd6beee25f,sympy__sympy-13551,Submitted,1,55,0.28445315000000004,2.1.0,1,1,55,54,111
84651631-018d-4123-8a65-7c0b71978057,django__django-15695,Submitted,0,55,0.42113825000000005,2.1.0,1,1,55,54,111
853716fe-0317-4296-b979-88bf1ef689b2,scikit-learn__scikit-learn-25747,Submitted,0,48,0.33280465000000004,2.1.0,1,1,48,47,97
85442483-300d-4967-b177-8facfb0d270b,sphinx-doc__sphinx-8548,Submitted,0,89,0.6154409000000001,2.1.0,1,1,89,88,179
857216d6-70cc-43ba-a36a-6ffc2decb830,astropy__astropy-13033,Submitted,0,33,0.17083605000000004,2.1.0,1,1,33,32,67
857464e1-9e0d-4f6c-b582-22154de057ad,matplotlib__matplotlib-25775,Submitted,1,113,0.7110446499999997,2.1.0,1,1,113,112,227
85d03208-d076-48ea-b3d9-f845eaf1d06d,sympy__sympy-17318,Submitted,0,37,0.1935276,2.1.0,1,1,37,36,75
87096ff2-f76c-4416-95eb-92aacf399503,psf__requests-6028,Submitted,0,48,0.2810046,2.1.0,1,1,48,47,97
871a270a-64cd-4565-9b91-453ef30ca962,django__django-14170,Submitted,0,66,0.4285334499999999,2.1.0,1,1,66,65,133
87381bee-9b86-4552-8ca0-3b82a58318c2,sympy__sympy-19040,Submitted,1,103,0.8617107499999997,2.1.0,1,1,103,102,207
87e54fce-60d7-451b-9cfe-52d8d5591f5c,django__django-15037,Submitted,1,27,0.18841979999999997,2.1.0,1,1,27,26,55
87f0cd57-d10e-4c5f-821b-894c3d913d75,matplotlib__matplotlib-24026,Submitted,1,43,0.23625590000000002,2.1.0,1,1,43,42,87
89afeac8-02ff-4963-9c01-4b6d90847abe,matplotlib__matplotlib-25287,Submitted,1,77,0.42918865,2.1.0,1,1,77,76,155
8bbb9388-633b-452e-a921-74ddc5063f2d,django__django-12125,Submitted,1,70,0.47908504999999996,2.1.0,1,1,70,69,141
8bdb90f5-c10b-4f03-9020-3b9f5d7f4504,matplotlib__matplotlib-24570,Submitted,1,42,0.25357585,2.1.0,1,1,42,41,85
8c6a0b59-51c0-48ff-b156-5edc6d363952,django__django-16454,Submitted,0,48,0.31882195,2.1.0,1,1,48,47,97
8d0abdd8-4bae-4815-a238-95f537aed724,django__django-16082,Submitted,1,50,0.2969795999999999,2.1.0,1,1,50,49,101
8dee927e-bcde-463f-aea2-72623eb59649,sympy__sympy-16450,Submitted,1,58,0.4049269499999999,2.1.0,1,1,58,57,117
8e57d917-cf5e-4c6c-8a35-af8ac3941ae7,pytest-dev__pytest-10081,Submitted,1,34,0.19709055,2.1.0,1,1,34,33,69
8e8f2978-207e-4616-973b-e26a52fe9368,scikit-learn__scikit-learn-14983,Submitted,1,42,0.22314299999999998,2.1.0,1,1,42,41,85
8ee7918f-db95-4fa0-a6dd-3dcf04831038,django__django-14672,Submitted,1,41,0.27617995,2.1.0,1,1,41,40,83
8f3a30df-1d24-435e-9c6f-add00f74ee16,django__django-16950,Submitted,1,72,0.6402868999999999,2.1.0,1,1,72,71,145
90f42b30-b7ce-400e-99f4-e6f411789be7,django__django-17029,Submitted,1,50,0.28599225000000006,2.1.0,1,1,50,49,101
913c8612-abe1-4d35-901c-283594c299e4,matplotlib__matplotlib-26291,Submitted,1,70,0.39705865000000007,2.1.0,1,1,70,69,141
9182e71c-0534-4666-a240-1a4d52bf3bf7,scikit-learn__scikit-learn-13496,Submitted,1,49,0.2644149,2.1.0,1,1,49,48,99
91864b62-8d42-406c-adc3-3f67d8c61bd9,matplotlib__matplotlib-13989,Submitted,1,37,0.19919740000000005,2.1.0,1,1,37,36,75
9278bed7-1b16-4e49-8551-97de9f25d3af,django__django-11292,Submitted,1,64,0.3938129,2.1.0,1,1,64,63,129
92acdb59-58f7-421b-b338-9c452fac29fe,django__django-12754,Submitted,1,64,0.42839064999999993,2.1.0,1,1,64,63,129
93231aa2-8fd0-41dd-a5e0-481a1999e380,sympy__sympy-23534,Submitted,1,49,0.30161809999999994,2.1.0,1,1,49,48,99
93539ad8-fac9-4f81-9619-1070e2989e1f,django__django-14376,Submitted,1,40,0.228193,2.1.0,1,1,40,39,81
9368ad75-b463-4597-a81e-14e9be6fa46f,django__django-10097,Submitted,0,34,0.2340063,2.1.0,1,1,34,33,69
93885c9d-7999-442e-8cf2-5d1e66e8d89a,django__django-12276,Submitted,1,61,0.3106215999999999,2.1.0,1,1,61,60,123
93a82142-e395-4240-8edc-47e8d83177fa,django__django-13786,Submitted,1,44,0.2512492499999999,2.1.0,1,1,44,43,89
93acf6b2-8bb3-43cb-909d-6231bc6f0554,psf__requests-1724,Submitted,1,64,0.4076537499999998,2.1.0,1,1,64,63,129
9510ea15-9cae-4e8a-adf3-78df621db9c3,sympy__sympy-20438,Submitted,0,87,0.59686795,2.1.0,1,1,87,86,175
9575cabe-aad7-4e07-bd18-ca14f2fd7939,django__django-11555,Submitted,1,50,0.33706889999999995,2.1.0,1,1,50,49,101
96cd7215-984e-48bd-bd87-bf0501ebbae8,django__django-15814,Timeout,0,1,0.0,2.1.0,1,1,0,0,2
96d38d34-7c3c-43ea-8273-3b0dd809f2ae,django__django-13406,Submitted,0,83,0.6330444500000001,2.1.0,1,1,83,82,167
97aaf77a-2d5f-478c-ad0c-715a374c27a7,matplotlib__matplotlib-22871,Submitted,1,41,0.2714727,2.1.0,1,1,41,40,83
97fecf07-45e0-437d-995c-5cdfd9c9dc2a,pylint-dev__pylint-4970,Submitted,1,54,0.34540860000000007,2.1.0,1,1,54,53,109
98a0ee81-a10e-4919-a567-3f028056d158,django__django-15104,Submitted,1,37,0.24973534999999994,2.1.0,1,1,37,36,75
99122803-640b-42d7-a1d2-297160f1aab2,django__django-9296,Submitted,1,29,0.15196674999999998,2.1.0,1,1,29,28,59
9a4a1494-b252-40ae-9cba-9befa4af3ef8,sympy__sympy-15809,Submitted,1,51,0.30761875,2.1.0,1,1,51,50,103
9d579da8-3ad1-4b7e-9a71-bec1d5a0c702,django__django-11087,Submitted,0,62,0.4500271,2.1.0,1,1,62,61,125
9d6b9085-fcb0-4b3b-80ec-59f1a5df9483,django__django-14122,Submitted,1,76,0.5107274,2.1.0,1,1,76,75,153
9d6d545f-0998-47fb-af42-16385574f0ed,django__django-13658,Submitted,1,59,0.36936065000000007,2.1.0,1,1,59,58,119
9dc23029-ee26-4d95-a9a1-de13d081144f,django__django-14539,Submitted,1,21,0.1312201,2.1.0,1,1,21,20,43
9dd6e514-5388-4b72-9e44-db6a4cd943ee,mwaskom__seaborn-3069,Submitted,0,71,0.42291575,2.1.0,1,1,71,70,143
a1182fe7-4efc-4a2a-9b2d-cd08fc3d7848,sympy__sympy-13798,Submitted,0,58,0.36064625,2.1.0,1,1,58,57,117
a17a8c0d-cc48-471d-bc94-498089def8d8,scikit-learn__scikit-learn-13779,Submitted,1,45,0.3080038,2.1.0,1,1,45,44,91
a185f1d3-bdf5-4363-bc6f-76254f65faf6,sphinx-doc__sphinx-8551,Submitted,1,77,0.46325045,2.1.0,1,1,77,76,155
a1ee4dba-bb5a-44d8-ba8f-636ce8275ab2,astropy__astropy-14995,Submitted,1,40,0.25645004999999993,2.1.0,1,1,40,39,81
a28a5f24-6f82-463d-abc1-1b9ca6e19524,django__django-13964,Submitted,1,104,0.6843445499999999,2.1.0,1,1,104,103,209
a31de2db-ec4d-475e-b488-e06baa9aba71,django__django-16139,Submitted,1,50,0.3155617999999999,2.1.0,1,1,50,49,101
a3ce0f62-164b-4cc0-9cfd-77cd1401b266,astropy__astropy-14096,Submitted,1,55,0.39150379999999996,2.1.0,1,1,55,54,111
a46cfbbf-c7d6-4706-a8c1-44b24a06fce5,sympy__sympy-12481,Submitted,1,63,0.4269092500000001,2.1.0,1,1,63,62,127
a51749c9-d67d-4dbf-a749-2572493c872f,sympy__sympy-13480,Submitted,1,56,0.33577835000000006,2.1.0,1,1,56,55,113
a52d79d2-6a1f-460d-ae90-5e05e2530593,django__django-16485,Submitted,1,32,0.18711339999999999,2.1.0,1,1,32,31,65
a58260d7-4eb8-4523-bec7-b1efd5df98a3,sphinx-doc__sphinx-8120,Submitted,1,58,0.36799689999999974,2.1.0,1,1,58,57,117
a6631e0a-b68f-484f-beba-05c8017f88d3,sympy__sympy-13877,Submitted,1,67,0.3903407999999999,2.1.0,1,1,67,66,135
a6ff7ec1-5a7e-4c4a-8992-1f0ac201f79a,django__django-16493,Submitted,1,42,0.20199174999999997,2.1.0,1,1,42,41,85
a732ef1b-1e18-4b10-bd33-652d9ee539a4,sympy__sympy-16766,Submitted,1,78,0.48871229999999993,2.1.0,1,1,78,77,157
a86cced1-0e94-41cc-924f-2f556fd8d906,astropy__astropy-14369,Submitted,0,68,0.4178814499999998,2.1.0,1,1,68,67,137
a90d332f-3383-4fcc-803d-af2f5cfc2892,sympy__sympy-24661,Submitted,1,62,0.3714143000000001,2.1.0,1,1,62,61,125
a940f3ba-6655-464c-b73d-40281f21c96c,django__django-14351,Submitted,1,80,0.5622357499999999,2.1.0,1,1,80,79,161
a994ddd1-7f8c-478e-82a0-f2f9d70054bc,django__django-11133,Submitted,1,50,0.31098985,2.1.0,1,1,50,49,101
ab85c9c6-907d-4e72-befe-8b85f87abe63,django__django-13158,Submitted,1,62,0.3985515,2.1.0,1,1,62,61,125
ac24ac4d-8376-45e4-b25d-79cc148b299f,mwaskom__seaborn-3187,Submitted,0,60,0.3510828999999999,2.1.0,1,1,60,59,121
ac3d289b-64ef-4c82-b88b-9d402de1e9a0,django__django-11790,Submitted,0,46,0.27453714999999995,2.1.0,1,1,46,45,93
aca9e079-a293-4972-8173-16b45271791a,django__django-11099,Submitted,1,34,0.1917173,2.1.0,1,1,34,33,69
acd9f95f-e249-4302-947c-74ef3c131de3,django__django-16612,Submitted,1,56,0.34085814999999997,2.1.0,1,1,56,55,113
ae425cd8-71b3-4164-af5e-d2eacdc42e45,matplotlib__matplotlib-23412,Submitted,1,82,0.4739387500000001,2.1.0,1,1,82,81,165
aeee0cd0-6e42-425c-be71-9a58b64d2855,django__django-13820,Submitted,1,46,0.2922396,2.1.0,1,1,46,45,93
b0f96c7c-4477-41de-b498-ffca1a084b42,django__django-12774,Submitted,1,63,0.4128086,2.1.0,1,1,63,62,127
b1011ac7-781f-4da4-bb50-a5bb3e7962f0,sympy__sympy-17139,Submitted,1,57,0.3947143999999999,2.1.0,1,1,57,56,115
b225cd8e-cac2-4717-ad65-918d51ae75bc,astropy__astropy-7336,Submitted,1,52,0.28053295,2.1.0,1,1,52,51,105
b28922d5-a04d-4618-85ed-da445e613f87,django__django-11149,Submitted,1,33,0.23857270000000005,2.1.0,1,1,33,32,67
b29b508b-4ec9-4d06-bc2d-d653fde53e7f,sympy__sympy-20801,Submitted,1,81,0.48045540000000003,2.1.0,1,1,81,80,163
b2eee2ca-7a9d-477a-b5d9-8081694d5127,pydata__xarray-2905,Submitted,1,69,0.43005674999999993,2.1.0,1,1,69,68,139
b3458d71-4ee4-4947-845b-e1a80037b0a1,pylint-dev__pylint-7080,Submitted,1,119,0.8522590000000001,2.1.0,1,1,119,118,239
b44012d5-c9a6-471a-8a16-56a495358c86,django__django-14311,Submitted,1,54,0.32802879999999995,2.1.0,1,1,54,53,109
b4509091-62c5-49db-921d-8bfa0296878d,sympy__sympy-15599,Submitted,1,38,0.28814649999999997,2.1.0,1,4,35,34,74
b4537bb3-c374-4b95-87ac-a8b6985b6f82,scikit-learn__scikit-learn-10844,Submitted,1,39,0.28912865,2.1.0,1,1,39,38,79
b4810cb9-4d67-4bd4-8327-aef6a6434d61,django__django-15375,Submitted,1,57,0.31877994999999987,2.1.0,1,1,57,56,115
b4e1b3ee-292f-41c2-a407-606017e72f94,django__django-12325,Submitted,0,56,0.35088099999999994,2.1.0,1,1,56,55,113
b570c02d-0372-4d29-b03d-405fc4266b1c,django__django-14765,Submitted,1,35,0.18288079999999998,2.1.0,1,1,35,34,71
b59cdb40-84b7-41d7-970f-3c911d2c93aa,pytest-dev__pytest-5787,Submitted,0,45,0.3097191500000001,2.1.0,1,1,45,44,91
b75ff93c-cf94-4fc0-a126-36616d5b0591,sympy__sympy-23950,Submitted,0,59,0.35661495,2.1.0,1,1,59,58,119
b7f5fcc4-faad-4448-a2dd-c59d7b4ae86d,django__django-11728,Submitted,1,28,0.19272260000000002,2.1.0,1,1,28,27,57
b88cb1df-c9f6-4c77-b2e8-d4dc3548f55b,sympy__sympy-13647,Submitted,1,47,0.31040414999999993,2.1.0,1,1,47,46,95
b91be913-e7ed-4c92-9e51-01ff229dcc2e,pylint-dev__pylint-6386,Submitted,1,79,0.4779335999999999,2.1.0,1,1,79,78,159
ba03dcdc-0392-441a-806e-69ce23d6d743,django__django-15022,Submitted,1,43,0.31631080000000006,2.1.0,1,1,43,42,87
ba55aa73-e082-4d53-8680-d281422bf534,django__django-12304,Submitted,1,54,0.29126275000000007,2.1.0,1,1,54,53,109
ba62d9c6-6d8b-4f45-bfe5-c46fc57b66be,sphinx-doc__sphinx-8638,Submitted,0,69,0.49800200000000006,2.1.0,1,1,69,68,139
bb1ab22c-ab72-4195-9898-9ce14924d185,pydata__xarray-3095,Submitted,1,78,0.47962774999999996,2.1.0,1,1,78,77,157
bb774b32-83f9-4611-bfd7-cf541d3b187e,django__django-16263,Submitted,0,62,0.46180385,2.1.0,1,1,62,61,125
bbae60d2-005a-4656-828e-5ebb70a9c7f1,sympy__sympy-15976,Submitted,1,59,0.3453041999999998,2.1.0,1,1,59,58,119
bc0308c3-875b-4aa6-b877-5e3def5be1ae,django__django-11141,Submitted,1,80,0.5210670000000001,2.1.0,1,1,80,79,161
bcba6c80-d11f-4485-ab4d-61bb6636f4a8,django__django-11179,Submitted,1,41,0.20671620000000004,2.1.0,1,1,41,40,83
bcba7517-0329-4209-8255-7633511f59ef,django__django-13516,Submitted,1,62,0.40723594999999996,2.1.0,1,1,62,61,125
bcbf4fd5-2ffb-41a8-8321-8dbc3c5d1445,django__django-16901,Submitted,1,35,0.2426019,2.1.0,1,1,35,34,71
bd422f4d-b6a4-4a85-ab17-bf070100e223,django__django-16100,Submitted,1,54,0.3146845,2.1.0,1,1,54,53,109
be9c94e6-6a74-4113-8cad-440fed6c29c4,matplotlib__matplotlib-22719,Submitted,1,54,0.29997854999999995,2.1.0,1,1,54,53,109
c0520b9e-a057-4e4a-a935-64c1c1aae2ce,scikit-learn__scikit-learn-14894,Submitted,1,28,0.1784474,2.1.0,1,1,28,27,57
c0aa7099-9da2-49eb-84b8-40e54623d558,sympy__sympy-19495,Submitted,1,45,0.3227483499999999,2.1.0,1,1,45,44,91
c0c05b74-cfdb-4e97-87dd-00d17226d760,django__django-15499,Submitted,1,41,0.25408420000000004,2.1.0,1,1,41,40,83
c16490f1-7777-4a72-9fab-cb5701099cd5,sphinx-doc__sphinx-10449,Submitted,1,72,0.44071730000000003,2.1.0,1,1,72,71,145
c1ecb733-d3da-42f1-a4ed-23ebab68b70b,django__django-15252,Submitted,0,42,0.24347624999999995,2.1.0,1,1,42,41,85
c2ac46ad-a91a-4841-8249-225b28bf9781,psf__requests-1142,Submitted,1,50,0.27923245,2.1.0,1,1,50,49,101
c2be2fd8-1aaa-4ea4-a27b-b74570ab3407,sphinx-doc__sphinx-10466,Submitted,1,51,0.26855335,2.1.0,1,1,51,50,103
c2c7ad5e-2c90-407d-ad4c-cefe696433e7,django__django-13809,Submitted,1,69,0.4264311500000001,2.1.0,1,1,69,68,139
c4000373-6e84-4557-9820-c967431e500a,scikit-learn__scikit-learn-13124,Submitted,1,43,0.237673,2.1.0,1,1,43,42,87
c51e89ab-e078-4f91-805c-7d7d39f19002,pydata__xarray-4687,Submitted,0,76,0.5659671,2.1.0,1,1,76,75,153
c54fdc2c-d9d4-4def-8d17-d584b696f81e,scikit-learn__scikit-learn-10908,Submitted,1,87,0.5495016,2.1.0,1,1,87,86,175
c555a249-5b7c-41d4-a3b4-91f3dc686b69,sympy__sympy-18199,Submitted,0,34,0.21291590000000002,2.1.0,1,1,34,33,69
c6a2a11e-8e9b-48c1-b767-4ec219f2e7dc,sphinx-doc__sphinx-8459,Submitted,1,64,0.3410211000000001,2.1.0,1,1,64,63,129
c6b8f062-dbd5-4fa5-a9c3-277027f7295d,scikit-learn__scikit-learn-11578,Submitted,1,59,0.3380355499999999,2.1.0,1,1,59,58,119
c709f639-4819-4627-abe7-db30a9a5f22b,sphinx-doc__sphinx-8269,Submitted,1,62,0.36618439999999997,2.1.0,1,1,62,61,125
c75fc7fb-b215-4069-9150-528dcc3185d8,django__django-14787,Submitted,1,47,0.31312260000000003,2.1.0,1,1,47,46,95
c7b4c266-7df4-49f0-970f-1805c508e539,django__django-13195,Submitted,0,50,0.3273954999999999,2.1.0,1,1,50,49,101
c7c4c481-4060-44f2-8c79-f02fdb03aafc,matplotlib__matplotlib-20488,Submitted,1,71,0.48288104999999987,2.1.0,1,1,71,70,143
c8124fd9-1557-4069-ab19-4c00c8fabab3,django__django-16255,Submitted,1,46,0.2882316,2.1.0,1,1,46,45,93
c8168bd4-a769-4695-a831-a2d3bd41c825,django__django-13569,Submitted,1,62,0.3394087999999999,2.1.0,1,1,62,61,125
c8a5e985-e2c9-4636-9f8a-c76dacc2101a,pydata__xarray-6721,Submitted,1,71,0.5330511499999998,2.1.0,1,1,71,70,143
c9137d8b-419e-4bff-aa0e-cd26b400c1dc,django__django-14725,Submitted,0,58,0.40868885000000005,2.1.0,1,1,58,57,117
c9f8dd40-cb39-4624-8c99-56c9c2a88cd0,django__django-14404,Submitted,1,34,0.21181400000000006,2.1.0,1,1,34,33,69
ca3b64c8-dccf-4d25-8cd4-daec103cf7d5,django__django-12050,Submitted,1,37,0.21330034999999997,2.1.0,1,1,37,36,75
cb177761-228d-4855-8a4b-0f9a812bfe11,django__django-15863,Submitted,1,51,0.32647400000000004,2.1.0,1,1,51,50,103
cb1d7aab-e7e6-4d5e-a753-76ca6cb3701f,django__django-16136,Submitted,1,31,0.18233425,2.1.0,1,1,31,30,63
cbf0ee29-66e6-4c37-a151-ea4efc6744b6,django__django-13449,Submitted,1,63,0.4641903,2.1.0,1,1,63,62,127
cc05e2a7-9ea6-423a-8f9e-cdd0d79e0683,pydata__xarray-6992,Submitted,0,68,0.46942814999999977,2.1.0,1,1,68,67,137
cc679016-0af5-4338-a63e-db2cd0ded16b,matplotlib__matplotlib-24970,Submitted,1,45,0.2835922,2.1.0,1,1,45,44,91
ccc60e84-56e3-47bd-8b31-2392f327e881,django__django-15368,Submitted,1,56,0.32885499999999995,2.1.0,1,1,56,55,113
cd777eca-a728-4e35-bd64-4f7fc5f9a0d1,django__django-15563,Submitted,1,46,0.3409906999999999,2.1.0,1,1,46,45,93
cd88d278-9f9b-42ee-b06e-54b6a68038fd,matplotlib__matplotlib-23314,Submitted,1,63,0.38289259999999997,2.1.0,1,1,63,62,127
ce680fbe-2f89-40c3-a2a5-aeb4f820d998,django__django-15268,Submitted,1,41,0.25815504999999994,2.1.0,1,1,41,40,83
ce6f849c-74a7-4b98-9387-66bbcbf44b0e,django__django-14752,Submitted,1,29,0.1716021,2.1.0,1,1,29,28,59
cebd01c5-eaea-4ff9-97f5-9e1d5a080bbe,sympy__sympy-14531,Submitted,1,70,0.4268612499999999,2.1.0,1,1,70,69,141
cfa2a078-8fa2-4c4f-a7aa-d5eba63d38af,scikit-learn__scikit-learn-14496,Submitted,1,49,0.29643949999999997,2.1.0,1,1,49,48,99
d0d849be-f917-4d09-89a0-671ce3291620,sympy__sympy-17655,Submitted,1,89,0.5801417000000001,2.1.0,1,1,89,88,179
d0db4aee-cc15-4a85-90c5-b049cc8df602,django__django-14349,Submitted,1,52,0.33476495,2.1.0,1,1,52,51,105
d0e9553d-3336-4279-873a-848d90df6906,sympy__sympy-23413,Submitted,1,41,0.28767355,2.1.0,1,1,41,40,83
d189a9ac-33b3-44e7-ae58-313855c4f311,django__django-15569,Submitted,1,54,0.30295089999999997,2.1.0,1,1,54,53,109
d371696a-083e-47bb-a95f-43518bc61ec7,django__django-10554,Submitted,0,72,0.5971568499999999,2.1.0,1,1,72,71,145
d377a27d-9ce7-479c-8e03-6757876735dd,django__django-13933,Submitted,1,46,0.27984220000000004,2.1.0,1,1,46,45,93
d3a7afe1-465b-48ac-a138-b245fb84d889,sphinx-doc__sphinx-7748,Submitted,0,66,0.4134733999999998,2.1.0,1,1,66,65,133
d3fce265-4fb7-4ec3-8626-7365ce053457,sympy__sympy-18763,Submitted,0,60,0.38959095,2.1.0,1,1,60,59,121
d430f0c3-45b0-49ea-9593-6ac72cd64708,django__django-15128,Submitted,1,49,0.3447662500000001,2.1.0,1,1,49,48,99
d4595413-a34a-45c0-a0cf-325795561d3e,django__django-16560,Submitted,0,54,0.3596725499999999,2.1.0,1,1,54,53,109
d491408c-ab6d-4e7e-8d09-91bcd2ea017a,pydata__xarray-4094,Submitted,1,50,0.30346464999999995,2.1.0,1,1,50,49,101
d4dd66b2-d6c0-45f9-9c4b-827a8dc6fc12,sphinx-doc__sphinx-9320,Submitted,1,48,0.29190935000000007,2.1.0,1,1,48,47,97
d555ee45-6624-4e34-a2b2-f0ce4da9c927,sympy__sympy-14976,Submitted,0,48,0.3485054999999999,2.1.0,1,1,48,47,97
d5f64abe-4dac-4d14-b5e3-271c4942a69d,django__django-11603,Submitted,1,40,0.21703789999999998,2.1.0,1,1,40,39,81
d647717d-f4e4-45c3-ae20-f56bda586782,astropy__astropy-8707,Submitted,0,93,0.5859378499999999,2.1.0,1,1,93,92,187
d6aae794-7ec8-4e6f-80cd-2ddf7ea21393,django__django-15561,Submitted,1,71,0.4337178999999998,2.1.0,1,1,71,70,143
d7130118-2fbe-4919-92d4-9da91e4ae40b,django__django-15554,Submitted,1,45,0.2837979000000001,2.1.0,1,1,45,44,91
d736f3b7-b05f-4001-8da6-9f6983944be1,sphinx-doc__sphinx-10673,Submitted,1,65,0.3798251,2.1.0,1,1,65,64,131
d73e00d7-08d7-411a-8d29-fc0332a91f3a,scikit-learn__scikit-learn-25973,Submitted,1,41,0.2692938,2.1.0,1,1,41,40,83
d7509ae3-bb4b-425c-a1ed-4264ea4e351a,django__django-16661,Submitted,1,33,0.19558099999999992,2.1.0,1,1,33,32,67
d76defa6-919c-432d-8c8a-28c4d4a14f36,django__django-12155,Submitted,1,37,0.19693125000000003,2.1.0,1,1,37,36,75
d7893e8b-df88-4142-9771-f8d5e35218e8,sympy__sympy-18698,Submitted,0,69,0.4863457000000001,2.1.0,1,1,69,68,139
d86d368b-5e33-463b-9640-3edcb3c03988,django__django-12965,Submitted,1,62,0.36526645,2.1.0,1,1,62,61,125
d8899847-6b5f-48ba-9843-3afa32ef7f66,pytest-dev__pytest-7571,Submitted,1,42,0.21863625,2.1.0,1,1,42,41,85
d98dd687-df37-490a-aaa1-1ee20dc2e029,django__django-11964,Submitted,1,81,0.52428555,2.1.0,1,1,81,80,163
da1a44b9-224e-47e9-9cde-4a175086acce,scikit-learn__scikit-learn-11310,Submitted,1,60,0.33396815,2.1.0,1,1,60,59,121
da7d535a-11af-459c-9aa3-973477d1e7bc,sphinx-doc__sphinx-7985,Submitted,1,66,0.44056984999999993,2.1.0,1,1,66,65,133
da85f3c6-60a8-4b9b-8f8c-f3a3bf3ecb13,django__django-14580,Submitted,1,35,0.18203995,2.1.0,1,1,35,34,71
db47c3b4-497d-4db7-bf8a-6ce8bb72f535,astropy__astropy-14598,Submitted,0,72,0.47145005,2.1.0,1,1,72,71,145
dbaece0d-ef1b-4bd3-a06f-0904fdd6eae1,django__django-13513,Submitted,0,104,0.7850957999999999,2.1.0,1,1,104,103,209
dc61b3b4-5485-49bc-acf4-d0752b6366fd,django__django-11066,Submitted,1,36,0.22262710000000002,2.1.0,1,1,36,35,73
dc9e6acd-7e95-4d95-97e7-d8ebda3b3410,django__django-11999,Submitted,1,68,0.42788424999999997,2.1.0,1,1,68,67,137
dcf30524-2d37-489c-9ead-f5e3afca4b69,matplotlib__matplotlib-23476,Submitted,0,76,0.49349585000000007,2.1.0,1,1,76,75,153
dd6c7e5a-d123-4721-a4a0-f1291bb07d26,django__django-15280,Submitted,1,62,0.383618,2.1.0,1,1,62,61,125
de0be301-3dd7-4873-8c98-90c0994dd412,django__django-11239,Submitted,1,32,0.18442985,2.1.0,1,1,32,31,65
dea5773e-96ec-41d5-b876-3bc9d8058800,django__django-15732,ServiceUnavailableError,0,8,0.010844199999999998,2.1.0,1,1,7,7,16
dea64801-b1dd-47a1-8ce3-2e840487c0a6,django__django-16315,Submitted,1,67,0.41628450000000006,2.1.0,1,1,67,66,135
df72de65-4865-4307-90aa-03b5114712e3,pytest-dev__pytest-7521,Submitted,1,77,0.48439799999999994,2.1.0,1,1,77,76,155
dfa7ab7c-448e-4219-9424-9eca945d5a42,sympy__sympy-15349,Submitted,1,31,0.21372304999999997,2.1.0,1,1,31,30,63
dff2fe12-d210-473b-b647-e9a2b2097d4c,django__django-11532,Submitted,1,52,0.26747294999999993,2.1.0,1,1,52,51,105
e03f2ddc-0a61-4c28-9d24-e293659401db,pydata__xarray-6744,Submitted,1,51,0.2505609,2.1.0,1,1,51,50,103
e25c2e6d-a004-4856-b30d-2fd9fa5dfaf4,django__django-14999,Submitted,1,64,0.42621085,2.1.0,1,1,64,63,129
e41acd5d-25a5-436d-a00c-5eb783e978df,django__django-14315,Submitted,0,40,0.3021431499999999,2.1.0,1,1,40,39,81
e4b7435f-8a72-4504-b312-069f8952908b,django__django-11740,Submitted,1,47,0.2756503,2.1.0,1,1,47,46,95
e5278091-2257-46e4-8e4e-276f955c6c6e,pytest-dev__pytest-7982,Submitted,1,52,0.3368753500000001,2.1.0,1,1,52,51,105
e5762d46-9607-4a5b-816d-6df2df2b3180,django__django-16333,Submitted,1,43,0.2920526,2.1.0,1,1,43,42,87
e5a15212-7faf-408c-8b59-45c7dd3439ea,django__django-16877,Submitted,1,53,0.31182814999999997,2.1.0,1,1,53,52,107
e65d3b3e-9888-4c24-8bf6-bf1095921d00,django__django-13417,Submitted,1,86,0.5471642,2.1.0,1,1,86,85,173
e6b2257f-9b4a-4aba-ad84-c36277fd1380,django__django-13590,Submitted,1,40,0.26871420000000007,2.1.0,1,1,40,39,81
e6deb24c-93aa-41db-a383-3901a995849f,django__django-12406,Submitted,0,57,0.34494240000000004,2.1.0,1,1,57,56,115
e6fc0fe0-4cdd-4686-89a2-5590bc44588c,django__django-14493,Submitted,1,44,0.24499680000000004,2.1.0,1,1,44,43,89
e7065f2b-0b2b-4966-8df6-c7f9c6242bad,pytest-dev__pytest-7324,Submitted,1,45,0.27346355000000006,2.1.0,1,1,45,44,91
e7315e48-2fa3-4745-a8ea-e616292c418e,sympy__sympy-18211,Submitted,0,66,0.4248712,2.1.0,1,1,66,65,133
e770ed81-0706-405d-bb36-ba820259b6af,sympy__sympy-20916,Submitted,0,70,0.39965949999999983,2.1.0,1,1,70,69,141
e8794815-21eb-402f-acfb-f90fb66e98f4,astropy__astropy-13977,Submitted,0,62,0.43267475000000005,2.1.0,1,1,62,61,125
e8835950-95ac-4119-afc3-772a93131f2c,scikit-learn__scikit-learn-13142,Submitted,1,47,0.30379110000000004,2.1.0,1,1,47,46,95
e9b18b10-5c50-49ed-8f62-40f4dd768232,astropy__astropy-13398,Submitted,0,59,0.3726437,2.1.0,1,1,59,58,119
ea2cf4ce-adce-4d1b-841b-dd4b9c60fce5,django__django-11885,Submitted,1,63,0.5213461,2.1.0,1,1,63,62,127
ea824c8f-b6a1-4898-a0c0-bd2d8c969910,scikit-learn__scikit-learn-25931,Submitted,1,55,0.2871204999999999,2.1.0,1,1,55,54,111
eabb9688-35ae-45f0-a1dd-46aeb44e3d32,django__django-15973,Submitted,0,31,0.18318874999999998,2.1.0,1,1,31,30,63
eb83ef35-c72e-4daa-ad85-916483fffc04,django__django-17084,Submitted,1,50,0.2679192,2.1.0,1,1,50,49,101
eb8a60a9-6f94-49b9-8f60-413a10b5a21b,pytest-dev__pytest-10356,Submitted,0,52,0.3580870000000001,2.1.0,1,1,52,51,105
ece2c310-7b7a-456f-a2f2-898ab157376c,django__django-12713,Submitted,1,38,0.23326669999999997,2.1.0,1,1,38,37,77
ed179034-a831-4aed-8a11-beb4575c4b66,pytest-dev__pytest-5262,Submitted,1,57,0.35884384999999996,2.1.0,1,1,57,56,115
ee2d744d-a33f-490c-88df-677f9ce7c074,matplotlib__matplotlib-26342,Submitted,1,89,0.49628464999999994,2.1.0,1,1,89,88,179
ee57c9a3-1b6c-4b56-9dce-6b259ac0a0a3,django__django-16667,Submitted,0,49,0.2784939499999999,2.1.0,1,1,49,48,99
ee63ba3c-e9eb-4f9b-99bb-fd7c3ef09d36,django__django-13109,Submitted,1,64,0.3826331000000001,2.1.0,1,1,64,63,129
ee6c6c9b-767b-40ce-a991-0ce9ebd425a1,matplotlib__matplotlib-25122,Submitted,1,51,0.3561904499999998,2.1.0,1,1,51,50,103
eeee40d7-445d-465c-a000-8b2d550e71af,astropy__astropy-7671,Submitted,1,46,0.24816055000000004,2.1.0,1,1,46,45,93
ef32027b-c8e9-4bc4-887a-69021b270573,sympy__sympy-22714,Submitted,1,65,0.40767985000000007,2.1.0,1,1,65,64,131
f0135535-0825-4636-8d8d-43240c4d4a80,django__django-13794,Submitted,0,57,0.35426384999999994,2.1.0,1,1,57,56,115
f0417fb9-bbee-4a97-a9d2-d9751f08f865,sphinx-doc__sphinx-8056,Submitted,0,63,0.416722,2.1.0,1,1,63,62,127
f0437f3e-6d20-4d62-bbc9-9f6bb1780810,sympy__sympy-13757,Submitted,1,84,0.5304138999999999,2.1.0,1,1,84,83,169
f072cf06-c93d-4781-9c0f-c530cee1a640,sphinx-doc__sphinx-9461,Submitted,0,159,1.2710400499999992,2.1.0,1,1,159,158,319
f0953386-db43-4575-bfd9-cc76402627ba,django__django-11433,Submitted,0,67,0.4915722,2.1.0,1,1,67,66,135
f0f03bcb-2b70-495f-9f4a-c5482e0b4346,django__django-14238,Submitted,1,45,0.29587205000000005,2.1.0,1,1,45,44,91
f1a4761e-f5df-4331-b0aa-2e748042ab99,sympy__sympy-23262,Submitted,1,57,0.33159635,2.1.0,1,1,57,56,115
f21a9ef1-26d5-4bb7-8b1a-7888d171ac1e,django__django-13033,Submitted,1,44,0.2844737,2.1.0,1,1,44,43,89
f233d704-9459-41a6-9fa7-07006e726bde,django__django-13012,Submitted,1,59,0.34862754999999995,2.1.0,1,1,59,58,119
f2b4f372-c014-47f6-8621-3684c6a12aac,django__django-16145,Submitted,1,42,0.26755745000000003,2.1.0,1,1,42,41,85
f3155c77-592e-4e92-bbb9-3bc5a34d276a,django__django-15382,Submitted,1,74,0.5025896499999999,2.1.0,1,1,74,73,149
f31c54a7-b0e4-4f1f-9820-d29f33862a8e,sympy__sympy-19346,Submitted,1,54,0.31151605,2.1.0,1,1,54,53,109
f3b9d503-351d-4e6f-b58e-3ccc79b9da7d,sphinx-doc__sphinx-7462,Submitted,0,43,0.26048889999999997,2.1.0,1,1,43,42,87
f3c38e98-7c93-4cd2-b258-d50ec6b2215b,django__django-14500,Submitted,1,51,0.31994304999999995,2.1.0,1,1,51,50,103
f3e6bb69-c194-493d-a7d9-5a72b7e9dc7b,sphinx-doc__sphinx-10435,Submitted,0,53,0.30682225,2.1.0,1,1,53,52,107
f3f2b16c-44ec-4f53-8cb5-2806d4261d4d,pylint-dev__pylint-4551,Submitted,0,87,0.59263495,2.1.0,1,1,87,86,175
f40e43c2-89e4-44e1-9a0d-60a0a35c136c,django__django-13810,Submitted,1,41,0.29088725000000004,2.1.0,1,1,41,40,83
f47872ca-1599-4b5f-939f-498c1607191c,sympy__sympy-13615,Submitted,1,61,0.33369939999999987,2.1.0,1,1,61,60,123
f4ccdd0e-7b72-45f3-9df9-df978d9a2fef,sphinx-doc__sphinx-11510,Submitted,0,46,0.34858625,2.1.0,1,1,46,45,93
f5e1f5e3-3476-44d6-95f9-2d2d980893f3,astropy__astropy-13453,Submitted,1,60,0.3119719999999999,2.1.0,1,1,60,59,121
f6998dbf-1365-4424-bcf6-0c72746bbba7,django__django-11211,Submitted,1,87,0.49792375000000016,2.1.0,1,1,87,86,175
f6b77f16-b745-4473-9e41-4d7cc4c7646a,django__django-11951,Submitted,1,42,0.2814392500000001,2.1.0,1,1,42,41,85
f72405c3-b0a5-46e3-886a-923c796be967,django__django-12858,Submitted,1,71,0.42683930000000014,2.1.0,1,1,71,70,143
f733d48f-b5ee-49f4-a0ea-57f7b68e4a23,sphinx-doc__sphinx-9602,Submitted,0,56,0.40783685000000003,2.1.0,1,1,56,55,113
f78c83d2-bb09-4086-a50c-5eebb791c34d,sphinx-doc__sphinx-7590,Submitted,0,64,0.42334615,2.1.0,1,1,64,63,129
fadcc14f-1098-46f7-8082-acd55a123381,django__django-12262,Submitted,1,30,0.16440519999999997,2.1.0,1,1,30,29,61
fb07eac1-6850-4af4-a776-61a2903f6325,django__django-11138,Submitted,1,93,0.5599796000000002,2.1.0,1,1,93,92,187
fc006c45-a8de-488f-ad9d-07a36221b8f9,django__django-13121,Submitted,1,72,0.4976219,2.1.0,1,1,72,71,145
fc9887c5-90f2-499a-a8a6-41b4e90a3036,django__django-14007,Submitted,1,72,0.4523895499999999,2.1.0,1,1,72,71,145
fd2d2643-c252-49a8-aed5-2fb8b7ada61e,psf__requests-2317,Submitted,1,82,0.50827385,2.1.0,1,1,82,81,165
fd917380-3063-453a-91a0-6a3a422e694c,django__django-12708,Submitted,1,63,0.39852155000000006,2.1.0,1,1,63,62,127
fdbe11fe-714b-46e4-8506-709edb93112c,pydata__xarray-6461,Submitted,1,74,0.5302149500000001,2.1.0,1,1,74,73,149
fef8bfe5-234f-4281-8903-d22f951f0b3f,scikit-learn__scikit-learn-25232,Submitted,1,43,0.22234880000000004,2.1.0,1,1,43,42,87
fefd42dc-3e46-4105-a9f1-183a8a10f711,scikit-learn__scikit-learn-14087,Submitted,0,44,0.22806305,2.1.0,1,1,44,43,89
